-- MySQL dump 10.13  Distrib 5.5.30, for linux2.6 (x86_64)
--
-- Host: localhost    Database: project
-- ------------------------------------------------------
-- Server version	5.5.30-log

/*!40101 SET @OLD_CHARACTER_SET_CLIENT=@@CHARACTER_SET_CLIENT */;
/*!40101 SET @OLD_CHARACTER_SET_RESULTS=@@CHARACTER_SET_RESULTS */;
/*!40101 SET @OLD_COLLATION_CONNECTION=@@COLLATION_CONNECTION */;
/*!40101 SET NAMES UTF8 */;
/*!40103 SET @OLD_TIME_ZONE=@@TIME_ZONE */;
/*!40103 SET TIME_ZONE='+00:00' */;
/*!40014 SET @OLD_UNIQUE_CHECKS=@@UNIQUE_CHECKS, UNIQUE_CHECKS=0 */;
/*!40014 SET @OLD_FOREIGN_KEY_CHECKS=@@FOREIGN_KEY_CHECKS, FOREIGN_KEY_CHECKS=0 */;
/*!40101 SET @OLD_SQL_MODE=@@SQL_MODE, SQL_MODE='NO_AUTO_VALUE_ON_ZERO' */;
/*!40111 SET @OLD_SQL_NOTES=@@SQL_NOTES, SQL_NOTES=0 */;

--
-- Table structure for table `customer`
--

DROP TABLE IF EXISTS `customer`;
/*!40101 SET @saved_cs_client     = @@character_set_client */;
/*!40101 SET character_set_client = utf8 */;
CREATE TABLE `customer` (
  `mobilenumber` varchar(255) DEFAULT NULL,
  `lastname` varchar(255) DEFAULT NULL,
  `firstname` varchar(255) DEFAULT NULL,
  `address` varchar(255) DEFAULT NULL,
  `password` varchar(255) DEFAULT NULL,
  `otp` varchar(5) DEFAULT NULL,
  `areaPinCode` varchar(255) DEFAULT NULL
) ENGINE=InnoDB DEFAULT CHARSET=utf8;
/*!40101 SET character_set_client = @saved_cs_client */;

--
-- Dumping data for table `customer`
--

LOCK TABLES `customer` WRITE;
/*!40000 ALTER TABLE `customer` DISABLE KEYS */;
INSERT INTO `customer` VALUES ('676896868','Bose','Shubas','fgfg 678 #  gkjhj','password',NULL,NULL),('676896846','Hrithik','Suzzane','Bomabay,[{\"address\":\"NO 103 Pyramid Rc Pearl\",\"areaPinCode\":\"560075\"}],[{\"address\":\"Apartments\",\"areaPinCode\":\"560078\"}]','password',NULL,NULL),('676','Padukone','Deepika','NO 103 Pyramid Rc Pearl,[{\"address\":\"NO 103 Pyramid Rc Pearl\",\"areaPinCode\":\"560078\"}],[{\"address\":\"no103\",\"areaPinCode\":\"560075\"}],[{\"address\":\"No\",\"areaPinCode\":\"545\"}],[{\"address\":\"NO 104\",\"areaPinCode\":\"560078\"}],[{\"address\":\"wer\",\"areaPinCode\":\"56007','p',NULL,'560079'),('679','Padukone','Prakash','53/2c j.p.nagar 1st phase ','d',NULL,NULL),('456','sriram','sandesh',NULL,'sdf','91084',NULL),('567','Nanda','Mythri',NULL,'567','60266',NULL),('234','Aluwalaya','Amisha',NULL,'sdf','42745',NULL),('211','vasishta','Vinu',NULL,'wer','33405',NULL),('230','Sathish','Anjana',NULL,'wer','55445',NULL),('8105690409','Yelchuru','Alekhya',NULL,'alex','13283',NULL),('9986132224','Bharadwaj','Ashiyana',NULL,'asdf','54420',NULL),('610','n','n',NULL,'wer','27561',NULL),('420840','Nanda','Hamsa',NULL,'pswd','65120',NULL),('678','Manothra','Mennakshi',NULL,'qwe','94750',NULL),('99','Aluwalya','Ammmu',NULL,'ase','91825',NULL),('4','K','Manisha',NULL,'wer','64009',NULL),('23','w','aaa','no103','e3r','34581',NULL),('2323','Mallik','Anu','no103','ewewe','14761',NULL),('','','',NULL,'','34956',NULL),('8084557382','Parsons','Jimmy',NULL,'8084557382','24121',NULL),('667','Aluwalya','Amaya',NULL,'password','81256',NULL),('55647','Karthik','Ananya',NULL,'password','45171',NULL);
/*!40000 ALTER TABLE `customer` ENABLE KEYS */;
UNLOCK TABLES;

--
-- Table structure for table `fav_list`
--

DROP TABLE IF EXISTS `fav_list`;
/*!40101 SET @saved_cs_client     = @@character_set_client */;
/*!40101 SET character_set_client = utf8 */;
CREATE TABLE `fav_list` (
  `vendorid` varchar(255) NOT NULL DEFAULT '',
  `customerid` varchar(255) NOT NULL DEFAULT '',
  PRIMARY KEY (`vendorid`,`customerid`)
) ENGINE=InnoDB DEFAULT CHARSET=utf8;
/*!40101 SET character_set_client = @saved_cs_client */;

--
-- Dumping data for table `fav_list`
--

LOCK TABLES `fav_list` WRITE;
/*!40000 ALTER TABLE `fav_list` DISABLE KEYS */;
INSERT INTO `fav_list` VALUES ('676','sve01271'),('676','sve01272'),('sve01163','676'),('sve01163','676896846'),('sve01163','676896847'),('sve01163','99'),('sve01164','676'),('sve01164','676896846'),('sve01165','676'),('sve01165','676896846'),('sve01165','99'),('sve01166','676'),('sve01166','676896846'),('sve01166','676896847'),('sve01166','99'),('sve01167','676'),('sve01167','676896847'),('sve01168','676'),('sve01185','2323'),('sve01186','2323');
/*!40000 ALTER TABLE `fav_list` ENABLE KEYS */;
UNLOCK TABLES;

--
-- Table structure for table `inboxData`
--

DROP TABLE IF EXISTS `inboxData`;
/*!40101 SET @saved_cs_client     = @@character_set_client */;
/*!40101 SET character_set_client = utf8 */;
CREATE TABLE `inboxData` (
  `customerId` varchar(255) DEFAULT NULL,
  `transactionId` int(11) NOT NULL AUTO_INCREMENT,
  `service` varchar(255) DEFAULT NULL,
  `date` date DEFAULT NULL,
  `time` time DEFAULT NULL,
  `status` varchar(255) DEFAULT NULL,
  `remarks` varchar(255) DEFAULT NULL,
  `vendorList` longtext,
  `areaPinCode` varchar(255) DEFAULT NULL,
  `address` varchar(255) DEFAULT NULL,
  `area` varchar(255) DEFAULT NULL,
  `phoneNumber` varchar(255) DEFAULT NULL,
  `altPhoneNumber` varchar(255) DEFAULT NULL,
  `city` varchar(255) DEFAULT NULL,
  `disputeStatus` char(1) DEFAULT NULL,
  `docImage` varchar(255) DEFAULT NULL,
  `myRatings` int(11) DEFAULT NULL,
  `description` varchar(255) DEFAULT NULL,
  `readStatus` char(1) DEFAULT NULL,
  `invoiceAmount` int(11) DEFAULT NULL,
  `vendorsCancelled` longtext,
  PRIMARY KEY (`transactionId`)
) ENGINE=InnoDB AUTO_INCREMENT=5452 DEFAULT CHARSET=utf8;
/*!40101 SET character_set_client = @saved_cs_client */;

--
-- Dumping data for table `inboxData`
--

LOCK TABLES `inboxData` WRITE;
/*!40000 ALTER TABLE `inboxData` DISABLE KEYS */;
INSERT INTO `inboxData` VALUES ('676',5431,'Actor','1992-01-22','12:04:09','SHORT_LISTED',NULL,'[{\"vendorId\":\"sve01163\",\"estimatedCost\":null,\"bookedByVendor\":0,\"docImage\":null,\"readByVendor\":\"1\"},{\"vendorId\":\"sve01164\",\"estimatedCost\":null,\"bookedByVendor\":0,\"docImage\":null,\"readByVendor\":\"0\"},{\"vendorId\":\"sve01165\",\"estimatedCost\":null,\"bookedByVendor\":0,\"docImage\":null,\"readByVendor\":\"1\"},{\"vendorId\":\"sve01166\",\"estimatedCost\":null,\"bookedByVendor\":1,\"docImage\":null,\"readByVendor\":\"1\"},{\"vendorId\":\"sve01167\",\"estimatedCost\":\"20$\",\"bookedByVendor\":1,\"docImage\":null,\"readByVendor\":\"1\"},{\"vendorId\":\"sve01168\",\"estimatedCost\":\"50$\",\"bookedByVendor\":1,\"docImage\":null,\"readByVendor\":\"1\"}]','560078','NO 103 Pyramid Rc Pearl','Jayanagar','34343','43534534','Bangalore',NULL,NULL,NULL,'I want work to be so and so','1',NULL,NULL),('676896846',5440,'Soft Skills Trainer','0000-00-00','12:40:00','CANCEL','Estimated Cost is higher than what I had expected.','[{\"vendorId\":\"sve01163\",\"estimatedCost\":null,\"bookedByVendor\":0,\"docImage\":null,\"readByVendor\":\"1\"},{\"vendorId\":\"sve01164\",\"estimatedCost\":null,\"bookedByVendor\":0,\"docImage\":null,\"readByVendor\":\"0\"},{\"vendorId\":\"sve01165\",\"estimatedCost\":null,\"bookedByVendor\":0,\"docImage\":null,\"readByVendor\":\"1\"},{\"vendorId\":\"sve01166\",\"estimatedCost\":null,\"bookedByVendor\":1,\"docImage\":null,\"readByVendor\":\"1\"},{\"vendorId\":\"sve01167\",\"estimatedCost\":\"20$\",\"bookedByVendor\":1,\"docImage\":null,\"readByVendor\":\"1\"},{\"vendorId\":\"sve01168\",\"estimatedCost\":\"50$\",\"bookedByVendor\":1,\"docImage\":null,\"readByVendor\":\"1\"}]','560078','Apartments','Thames View','12312','456546','London',NULL,NULL,NULL,'The vendor has to come only at mentioned timings','1',NULL,NULL),('676',5443,'Soft Skills Trainer','2015-03-12','12:05:30','WORK_COMPLETED',NULL,'[{\"vendorId\":\"sve01167\",\"estimatedCost\":\"20$\",\"bookedByVendor\":1,\"docImage\":null,\"readByVendor\":\"0\"}]','545','No','Jayanagar','234234','578567456','Bangalore',NULL,'img/invoice_thumbnail_5443.jpg',2,NULL,'1',NULL,'[{\"vendorId\":\"sve01163\",\"estimatedCost\":null,\"bookedByVendor\":0,\"docImage\":null,\"readByVendor\":0},{\"vendorId\":\"sve01164\",\"estimatedCost\":null,\"bookedByVendor\":0,\"docImage\":null,\"readByVendor\":0},{\"vendorId\":\"sve01165\",\"estimatedCost\":null,\"bookedByVendor\":0,\"docImage\":null,\"readByVendor\":0},{\"vendorId\":\"sve01166\",\"estimatedCost\":null,\"bookedByVendor\":0,\"docImage\":null,\"readByVendor\":0},{\"vendorId\":\"sve01169\",\"estimatedCost\":null,\"bookedByVendor\":1,\"docImage\":null,\"readByVendor\":0}]'),('676',5444,'Actor','2015-03-12','12:04:09','BOOKED',NULL,'[{\"vendorId\":\"sve01167\",\"estimatedCost\":\"20$\",\"bookedByVendor\":1,\"docImage\":null,\"readByVendor\":\"1\"}]','560078','NO 104','Jayanagar','123132','34534532','Bangalore',NULL,NULL,NULL,NULL,'1',NULL,'[{\"vendorId\":\"sve01163\",\"estimatedCost\":null,\"bookedByVendor\":0,\"docImage\":null,\"readByVendor\":0},{\"vendorId\":\"sve01164\",\"estimatedCost\":null,\"bookedByVendor\":0,\"docImage\":null,\"readByVendor\":0},{\"vendorId\":\"sve01165\",\"estimatedCost\":null,\"bookedByVendor\":0,\"docImage\":null,\"readByVendor\":0},{\"vendorId\":\"sve01166\",\"estimatedCost\":null,\"bookedByVendor\":0,\"docImage\":null,\"readByVendor\":0},{\"vendorId\":\"sve01169\",\"estimatedCost\":null,\"bookedByVendor\":1,\"docImage\":null,\"readByVendor\":0}]'),('676',5445,'Actor','2015-03-12','12:04:09','TXN_COMPLETED',NULL,'[{\"vendorId\":\"sve01167\",\"estimatedCost\":\"20$\",\"bookedByVendor\":1,\"docImage\":null,\"readByVendor\":\"1\"}]','560071','n','J.P.Nagar','56656','232','Bangalore',NULL,NULL,5,NULL,'1',NULL,'[{\"vendorId\":\"sve01163\",\"estimatedCost\":null,\"bookedByVendor\":0,\"docImage\":null,\"readByVendor\":0},{\"vendorId\":\"sve01164\",\"estimatedCost\":null,\"bookedByVendor\":0,\"docImage\":null,\"readByVendor\":0},{\"vendorId\":\"sve01165\",\"estimatedCost\":null,\"bookedByVendor\":0,\"docImage\":null,\"readByVendor\":0},{\"vendorId\":\"sve01166\",\"estimatedCost\":null,\"bookedByVendor\":0,\"docImage\":null,\"readByVendor\":0},{\"vendorId\":\"sve01169\",\"estimatedCost\":null,\"bookedByVendor\":1,\"docImage\":null,\"readByVendor\":0}]'),('676',5446,'Actor','2015-03-12','12:04:09','DISPUTE','Work is not done properly','[{\"vendorId\":\"sve01167\",\"estimatedCost\":\"20$\",\"bookedByVendor\":1,\"docImage\":null,\"readByVendor\":\"0\"}]','560071','n','J.P.Nagar','56656','232','Bangalore',NULL,NULL,5,'The vendor has to come only at mentioned timings','1',NULL,'[{\"vendorId\":\"sve01163\",\"estimatedCost\":null,\"bookedByVendor\":0,\"docImage\":null,\"readByVendor\":0},{\"vendorId\":\"sve01164\",\"estimatedCost\":null,\"bookedByVendor\":0,\"docImage\":null,\"readByVendor\":0},{\"vendorId\":\"sve01165\",\"estimatedCost\":null,\"bookedByVendor\":0,\"docImage\":null,\"readByVendor\":0},{\"vendorId\":\"sve01166\",\"estimatedCost\":null,\"bookedByVendor\":0,\"docImage\":null,\"readByVendor\":0},{\"vendorId\":\"sve01169\",\"estimatedCost\":null,\"bookedByVendor\":1,\"docImage\":null,\"readByVendor\":0}]'),('676',5447,'Programmer','1992-01-22','12:04:09','CANCEL','This work is not possible!!!','[{\"vendorId\":\"sve01166\",\"estimatedCost\":null,\"bookedByVendor\":1,\"docImage\":null,\"readByVendor\":\"0\"}]','560075','wer','Jayanagar','123213','3454','Bangalore',NULL,NULL,NULL,NULL,NULL,NULL,NULL),('676',5448,'Actor','1992-01-23','11:04:00','BOOKED',NULL,'[{\"vendorId\":\"sve01165\",\"estimatedCost\":null,\"bookedByVendor\":\"1\",\"docImage\":null,\"readByVendor\":0}]','560085','No 102','Girinagar','9986132244','8123790964','Bangalore',NULL,NULL,NULL,'I just want the work to be completed in time!!',NULL,NULL,'[{\"vendorId\":\"sve01163\",\"estimatedCost\":null,\"bookedByVendor\":0,\"docImage\":null,\"readByVendor\":0},{\"vendorId\":\"sve01164\",\"estimatedCost\":null,\"bookedByVendor\":\"1\",\"docImage\":null,\"readByVendor\":0},{\"vendorId\":\"sve01166\",\"estimatedCost\":null,\"bookedByVendor\":\"1\",\"docImage\":null,\"readByVendor\":0},{\"vendorId\":\"sve01167\",\"estimatedCost\":null,\"bookedByVendor\":0,\"docImage\":null,\"readByVendor\":0},{\"vendorId\":\"sve01168\",\"estimatedCost\":null,\"bookedByVendor\":0,\"docImage\":null,\"readByVendor\":0},{\"vendorId\":\"sve01169\",\"estimatedCost\":null,\"bookedByVendor\":0,\"docImage\":null,\"readByVendor\":0}]'),('676',5449,'Actor','1992-01-22','12:05:30','TXN_COMPLETED',NULL,'[{\"vendorId\":\"sve01163\",\"estimatedCost\":null,\"bookedByVendor\":\"1\",\"docImage\":null,\"readByVendor\":0}]','560078','53/2c j.p.nagar 1st phase','J.P.Nagar','8123790964','8105690409','Bangalore',NULL,NULL,NULL,'I want the work to be finished as soon as possible.','1',200,'[{\"vendorId\":\"sve01164\",\"estimatedCost\":null,\"bookedByVendor\":\"1\",\"docImage\":null,\"readByVendor\":0},{\"vendorId\":\"sve01165\",\"estimatedCost\":null,\"bookedByVendor\":0,\"docImage\":null,\"readByVendor\":0},{\"vendorId\":\"sve01166\",\"estimatedCost\":null,\"bookedByVendor\":0,\"docImage\":null,\"readByVendor\":0},{\"vendorId\":\"sve01167\",\"estimatedCost\":null,\"bookedByVendor\":0,\"docImage\":null,\"readByVendor\":0},{\"vendorId\":\"sve01168\",\"estimatedCost\":null,\"bookedByVendor\":0,\"docImage\":null,\"readByVendor\":0}]'),('676',5450,'Actor','1992-01-22','12:04:09','BOOKED','Amount was way more than expected amount.','[{\"vendorId\":\"sve01163\",\"estimatedCost\":null,\"bookedByVendor\":\"1\",\"docImage\":null,\"readByVendor\":0}]','560085','Privet Drive','12/3','12223','4356','Central London',NULL,NULL,2,'Please send a vendor who can complete the work as quickly as possible.',NULL,NULL,'[{\"vendorId\":\"sve01164\",\"estimatedCost\":null,\"bookedByVendor\":0,\"docImage\":null,\"readByVendor\":0},{\"vendorId\":\"sve01165\",\"estimatedCost\":null,\"bookedByVendor\":0,\"docImage\":null,\"readByVendor\":0},{\"vendorId\":\"sve01166\",\"estimatedCost\":null,\"bookedByVendor\":0,\"docImage\":null,\"readByVendor\":0},{\"vendorId\":\"sve01167\",\"estimatedCost\":null,\"bookedByVendor\":0,\"docImage\":null,\"readByVendor\":0},{\"vendorId\":\"sve01168\",\"estimatedCost\":null,\"bookedByVendor\":0,\"docImage\":null,\"readByVendor\":0},{\"vendorId\":\"sve01169\",\"estimatedCost\":null,\"bookedByVendor\":0,\"docImage\":null,\"readByVendor\":0},{\"vendorId\":\"sve01170\",\"estimatedCost\":null,\"bookedByVendor\":0,\"docImage\":null,\"readByVendor\":0}]'),('676',5451,'Actor','2015-03-12','12:05:30','BOOKED',NULL,'[{\"vendorId\":\"sve01163\",\"estimatedCost\":null,\"bookedByVendor\":\"1\",\"docImage\":null,\"readByVendor\":0}]','560079','No 101 Mr.Hegde','Jayanagar','8123790964','9986132244','Bangalore',NULL,NULL,NULL,'I just want the work to be completed in time!!',NULL,NULL,'[{\"vendorId\":\"sve01164\",\"estimatedCost\":null,\"bookedByVendor\":0,\"docImage\":null,\"readByVendor\":0},{\"vendorId\":\"sve01166\",\"estimatedCost\":null,\"bookedByVendor\":\"1\",\"docImage\":null,\"readByVendor\":0}]');
/*!40000 ALTER TABLE `inboxData` ENABLE KEYS */;
UNLOCK TABLES;

--
-- Table structure for table `vendor`
--

DROP TABLE IF EXISTS `vendor`;
/*!40101 SET @saved_cs_client     = @@character_set_client */;
/*!40101 SET character_set_client = utf8 */;
CREATE TABLE `vendor` (
  `vendorid` varchar(255) DEFAULT NULL,
  `lastname` varchar(255) DEFAULT NULL,
  `firstname` varchar(255) DEFAULT NULL,
  `address` varchar(255) DEFAULT NULL,
  `password` varchar(255) DEFAULT NULL,
  `skill` varchar(255) DEFAULT NULL,
  `pan` varchar(255) DEFAULT NULL,
  `mobilenumber` varchar(255) DEFAULT NULL,
  `cost` varchar(255) DEFAULT NULL,
  `thumbnailimage` varchar(255) DEFAULT NULL,
  `regularimage` varchar(255) DEFAULT NULL,
  `userRating` int(11) DEFAULT NULL,
  `areaPinCode` varchar(255) DEFAULT NULL,
  `date` date DEFAULT NULL,
  `time` time DEFAULT NULL
) ENGINE=InnoDB DEFAULT CHARSET=utf8;
/*!40101 SET character_set_client = @saved_cs_client */;

--
-- Dumping data for table `vendor`
--

LOCK TABLES `vendor` WRITE;
/*!40000 ALTER TABLE `vendor` DISABLE KEYS */;
INSERT INTO `vendor` VALUES ('sve01163','Ruso','Matilda','Church Street St.Marks road','p','Technical Writer','435grge','456456465','56$ per hour','thumbnailimage/sve01163.png','regularimage/sve01163.png',3,'560078','1992-01-22','12:05:30'),('sve01164','Kanduri','Venkat','Lavella Road','q','Programmer','435grge','456456465','76$ per hour','thumbnailimage/sve01164.png','regularimage/sve01164.png',4,'560078',NULL,NULL),('sve01165','Kanduri','Anusha','Madras','password1235','Soft Skills Trainer','435grge','456456465','66$ per hour','thumbnailimage/sve01165.png','regularimage/sve01165.png',3,'560078',NULL,NULL),('sve01166','Dutt','Sanjay','Mumbai','r','Actor','435grge','456456465','106$ per hour','thumbnailimage/sve01166.png','regularimage/sve01166.png',2,'560078',NULL,NULL),('sve01167','Aniston','Jeniffer','Mumbai','password1235','Actor','435grge','456456465','106$ per hour','thumbnailimage/sve01167.png','regularimage/sve01167.png',2,'560078',NULL,NULL),('sve01168','Ram','Sundar','Church Street St.Marks road','password123','Technical Writer','435grge','456456465','56$ per hour','thumbnailimage/sve01168.png','regularimage/sve01168.png',3,'560078','1992-01-22','12:05:30'),('sve01169','Shyam','Sundar','Church Street St.Marks road','password123','Technical Writer','435grg69','456456465','76$ per hour','thumbnailimage/sve01169.png','regularimage/sve01169.png',2,'560078','1992-01-22','12:05:30'),('sve01170','Maria','S','Church Street St.Marks road','password123','Technical Writer','435grg70','456456465','90$ per hour','thumbnailimage/sve01170.png','regularimage/sve01170.png',1,'560078',NULL,NULL),('sve01171','Maria','Ruso','Church Street St.Marks road','password123','Technical Writer','435grg71','4564564654','90$ per hour','thumbnailimage/sve01171.png','regularimage/sve01171.png',2,'560078',NULL,NULL),('sve01172','Tibueue','Ruso','Church Street St.Marks road','password123','Technical Writer','435grg72','4564564657','100$ per hour','thumbnailimage/sve01172.png','regularimage/sve01172.png',3,'560078',NULL,NULL),('sve01173','Diclereque','R','Church Street St.Marks road','password123','Technical Writer','435grg73','4564564658','10$ per hour','thumbnailimage/sve01173.png','regularimage/sve01173.png',4,'560078',NULL,NULL),('sve01174','Rishi','D','Church Street St.Marks road','password123','Technical Writer','435grg74','4564564659','20$ per hour','thumbnailimage/sve01174.png','regularimage/sve01174.png',5,'560078',NULL,NULL),('sve01175','Rishi','D','Church Street St.Marks road','password123','Technical Writer','435grg75','45645646591','30$ per hour','thumbnailimage/sve01175.png','regularimage/sve01175.png',1,'560078',NULL,NULL),('sve01176','R','Ishitha','Church Street St.Marks road','password123','Technical Writer','435grg76','45645646592','40$ per hour','thumbnailimage/sve01176.png','regularimage/sve01176.png',2,'560078',NULL,NULL),('sve01177','Richa','I','Church Street St.Marks road','password123','Technical Writer','435grg77','45645646593','50$ per hour','thumbnailimage/sve01177.png','regularimage/sve01177.png',3,'560078',NULL,NULL),('sve01178','R','Ita','Church Street St.Marks road','password123','Technical Writer','435grg77','45645646593','60$ per hour','thumbnailimage/sve01178.png','regularimage/sve01178.png',4,'560078',NULL,NULL),('sve01179','R','Ita','Church Street St.Marks road','password123','Technical Writer','435grg77','45645646593','60$ per hour','thumbnailimage/sve01179.png','regularimage/sve01179.png',5,'560078',NULL,NULL),('sve01180','R','Irvin','Church Street St.Marks road','password123','Technical Writer','435grg77','45645646593','60$ per hour','thumbnailimage/sve01180.png','regularimage/sve01180.png',5,'560078',NULL,NULL),('sve01181','R','Shagun','Church Street St.Marks road','password123','Technical Writer','435grg77','45645646593','60$ per hour','thumbnailimage/sve01181.png','regularimage/sve01181.png',1,'560078',NULL,NULL),('sve01182','Rani','Shagun','Church Street St.Marks road','password123','Technical Writer','435grg77','45645646593','60$ per hour','thumbnailimage/sve01182.png','regularimage/sve01182.png',2,'560078',NULL,NULL),('sve01183','Rani','Shagun','Church Street St.Marks road','password123','Technical Writer','435grg77','45645646593','60$ per hour','thumbnailimage/sve01183.png','regularimage/sve01183.png',3,'560078',NULL,NULL),('sve01184','Rani','Mahima','Church Street St.Marks road','password123','Technical Writer','435grg77','45645646593','60$ per hour','thumbnailimage/sve01184.png','regularimage/sve01184.png',4,'560078',NULL,NULL),('sve01185','Sgarma','Shushma','Church Street St.Marks road','password123','Technical Writer','435grg77','45645646593','60$ per hour','thumbnailimage/sve01185.png','regularimage/sve01185.png',5,'560078',NULL,NULL),('sve01186','Sgarma','Shushanth','Church Street St.Marks road','password123','Technical Writer','435grg77','45645646593','60$ per hour','thumbnailimage/sve01186.png','regularimage/sve01186.png',1,'560078',NULL,NULL),('sve01187','Sgarma','Kirthana','Church Street St.Marks road','password123','Technical Writer','435grg77','45645646593','60$ per hour','thumbnailimage/sve01187.png','regularimage/sve01187.png',2,'560078',NULL,NULL),('sve01188','Sgarma','Kirthana','Church Street St.Marks road','password123','Technical Writer','435grg77','45645646593','60$ per hour','thumbnailimage/sve01188.png','regularimage/sve01188.png',3,'560078',NULL,NULL),('sve01189','Sgarma','Abbie','Church Street St.Marks road','password123','Technical Writer','435grg77','45645646593','60$ per hour','thumbnailimage/sve01189.png','regularimage/sve01189.png',4,'560078',NULL,NULL),('sve01190','Suresh','Shwetha','Church Street St.Marks road','password123','Technical Writer','435grg77','45645646593','60$ per hour','thumbnailimage/sve01190.png','regularimage/sve01190.png',5,'560078',NULL,NULL),('sve01192','Swift','Megan','Church Street St.Marks road','password123','Technical Writer','435grg77','45645646593','60$ per hour','thumbnailimage/sve01192.png','regularimage/sve01192.png',3,'560078',NULL,NULL),('sve01195','Kanduri','Venkat','Lavella Road','password1235','Programmer','435grge','456456465','76$ per hour','thumbnailimage/sve01195.png','regularimage/sve01195.png',4,'560078',NULL,NULL),('sve01196','Kanduri','Venkat','Lavella Road','password1235','Programmer','435grge','456456465','76$ per hour','thumbnailimage/sve01196.png','regularimage/sve01196.png',5,'560078',NULL,NULL),('sve01197','K','Venkat','Lavella Road','password1235','Programmer','435grge','456456465','76$ per hour','thumbnailimage/sve01197.png','regularimage/sve01197.png',1,'560078',NULL,NULL),('sve01198','K','V','Lavella Road','password1235','Programmer','435grge','456456465','76$ per hour','thumbnailimage/sve01198.png','regularimage/sve01198.png',2,'560078',NULL,NULL),('sve01199','K','Vinaya','Lavella Road','password1235','Programmer','435grge','456456465','76$ per hour','thumbnailimage/sve01199.png','regularimage/sve01199.png',3,'560078',NULL,NULL),('sve01200','R','Vinayaka','Lavella Road','password1235','Programmer','435grge','456456465','76$ per hour','thumbnailimage/sve01200.png','regularimage/sve01200.png',4,'560078',NULL,NULL),('sve01201','Madu','Vinayaka','Lavella Road','password1235','Programmer','435grge','456456465','76$ per hour','thumbnailimage/sve01201.png','regularimage/sve01201.png',5,'560078',NULL,NULL),('sve01202','Maduvanthi','Vinayaka','Lavella Road','password1235','Programmer','435grge','456456465','76$ per hour','thumbnailimage/sve01202.png','regularimage/sve01202.png',1,'560078',NULL,NULL),('sve01203','Madumathi','V','Lavella Road','password1235','Programmer','435grge','456456465','76$ per hour','thumbnailimage/sve01203.png','regularimage/sve01203.png',2,'560078',NULL,NULL),('sve01204','Mani','V','Lavella Road','password1235','Programmer','435grge','456456465','76$ per hour','thumbnailimage/sve01204.png','regularimage/sve01204.png',3,'560078',NULL,NULL),('sve01205','Mani','Vimala','Lavella Road','password1235','Programmer','435grge','456456465','76$ per hour','thumbnailimage/sve01205.png','regularimage/sve01205.png',4,'560078',NULL,NULL),('sve01206','Mani','Vimala','Lavella Road','password1235','Programmer','435grge','456456465','76$ per hour','thumbnailimage/sve01206.png','regularimage/sve01206.png',5,'560078',NULL,NULL),('sve01207','Mani','Vimala','Lavella Road','password1235','Programmer','435grge','456456465','76$ per hour','thumbnailimage/sve01207.png','regularimage/sve01207.png',1,'560078',NULL,NULL),('sve01208','Mani','Vikas','Lavella Road','password1235','Programmer','435grge','456456465','76$ per hour','thumbnailimage/sve01208.png','regularimage/sve01208.png',2,'560078',NULL,NULL),('sve01209','Mani','Vikas','Lavella Road','password1235','Programmer','435grge','456456465','76$ per hour','thumbnailimage/sve01209.png','regularimage/sve01209.png',3,'560078',NULL,NULL),('sve01210','Mani','Vikas','Lavella Road','password1235','Programmer','435grge','456456465','76$ per hour','thumbnailimage/sve01210.png','regularimage/sve01210.png',4,'560078',NULL,NULL),('sve01211','Mani','Vikas','Lavella Road','password1235','Programmer','435grge','456456465','76$ per hour','thumbnailimage/sve01211.png','regularimage/sve01211.png',5,'560078',NULL,NULL),('sve01212','Mani','Vikas','Lavella Road','password1235','Programmer','435grge','456456465','76$ per hour','thumbnailimage/sve01212.png','regularimage/sve01212.png',1,'560078',NULL,NULL),('sve01213','Mani','Vikas','Lavella Road','password1235','Programmer','435grge','456456465','76$ per hour','thumbnailimage/sve01213.png','regularimage/sve01213.png',2,'560078',NULL,NULL),('sve01214','Mani','Vikas','Lavella Road','password1235','Programmer','435grge','456456465','76$ per hour','thumbnailimage/sve01214.png','regularimage/sve01214.png',3,'560078',NULL,NULL),('sve01215','Mani','Vikas','Lavella Road','password1235','Programmer','435grge','456456465','76$ per hour','thumbnailimage/sve01215.png','regularimage/sve01215.png',4,'560078',NULL,NULL),('sve01216','Mani','Vikas','Lavella Road','password1235','Programmer','435grge','456456465','76$ per hour','thumbnailimage/sve01216.png','regularimage/sve01216.png',5,'560078',NULL,NULL),('sve01217','Mani','Vikas','Lavella Road','password1235','Programmer','435grge','456456465','76$ per hour','thumbnailimage/sve01217.png','regularimage/sve01217.png',1,'560078',NULL,NULL),('sve01218','Mani','Vikas','Lavella Road','password1235','Programmer','435grge','456456465','76$ per hour','thumbnailimage/sve01218.png','regularimage/sve01218.png',2,'560078',NULL,NULL),('sve01219','Mani','Vikas','Lavella Road','password1235','Programmer','435grge','456456465','76$ per hour','thumbnailimage/sve01219.png','regularimage/sve01219.png',3,'560078',NULL,NULL),('sve01220','Mani','Vikas','Lavella Road','password1235','Programmer','435grge','456456465','76$ per hour','thumbnailimage/sve01220.png','regularimage/sve01220.png',4,'560078',NULL,NULL),('sve01221','Mani','Vikas','Lavella Road','password1235','Programmer','435grge','456456465','76$ per hour','thumbnailimage/sve01221.png','regularimage/sve01221.png',5,'560078',NULL,NULL),('sve01222','Mani','Vikas','Lavella Road','password1235','Programmer','435grge','456456465','76$ per hour','thumbnailimage/sve01222.png','regularimage/sve01222.png',1,'560078',NULL,NULL),('sve01223','Mani','Vikas','Lavella Road','password1235','Programmer','435grge','456456465','76$ per hour','thumbnailimage/sve01223.png','regularimage/sve01223.png',2,'560078',NULL,NULL),('sve01224','Mani','Vikas','Lavella Road','password1235','Programmer','435grge','456456465','76$ per hour','thumbnailimage/sve01224.png','regularimage/sve01224.png',3,'560078',NULL,NULL),('sve01225','Mani','Vikas','Lavella Road','password1235','Programmer','435grge','456456465','76$ per hour','thumbnailimage/sve01225.png','regularimage/sve01225.png',4,'560078',NULL,NULL),('sve01226','Mani','Vikas','Lavella Road','password1235','Programmer','435grge','456456465','76$ per hour','thumbnailimage/sve01226.png','regularimage/sve01226.png',5,'560078',NULL,NULL),('sve01227','Mani','Vikas','Lavella Road','password1235','Programmer','435grge','456456465','76$ per hour','thumbnailimage/sve01227.png','regularimage/sve01227.png',1,'560078',NULL,NULL),('sve01228','Mani','Vikas','Lavella Road','password1235','Programmer','435grge','456456465','76$ per hour','thumbnailimage/sve01228.png','regularimage/sve01228.png',2,'560078',NULL,NULL),('sve01229','Mani','Vikas','Lavella Road','password1235','Programmer','435grge','456456465','76$ per hour','thumbnailimage/sve01229.png','regularimage/sve01229.png',3,'560078',NULL,NULL),('sve01230','Mani','Vikas','Lavella Road','password1235','Programmer','435grge','456456465','76$ per hour','thumbnailimage/sve01230.png','regularimage/sve01230.png',4,'560078',NULL,NULL),('sve01231','Kanduri','Anusha','Madras','password1235','Soft Skills Trainer','435grge','456456465','66$ per hour','thumbnailimage/sve01231.png','regularimage/sve01231.png',4,'560078',NULL,NULL),('sve01232','Kanduri','Anusha','Madras','password1235','Soft Skills Trainer','435grge','456456465','66$ per hour','thumbnailimage/sve01232.png','regularimage/sve01232.png',5,'560078',NULL,NULL),('sve01233','Kanduri','Anusha','Madras','password1235','Soft Skills Trainer','435grge','456456465','66$ per hour','thumbnailimage/sve01233.png','regularimage/sve01233.png',1,'560078',NULL,NULL),('sve01234','Kanduri','Anusha','Madras','password1235','Soft Skills Trainer','435grge','456456465','66$ per hour','thumbnailimage/sve01234.png','regularimage/sve01234.png',2,'560078',NULL,NULL),('sve01235','Kanduri','Anusha','Madras','password1235','Soft Skills Trainer','435grge','456456465','66$ per hour','thumbnailimage/sve01235.png','regularimage/sve01235.png',3,'560078',NULL,NULL),('sve01236','Kanduri','Anusha','Madras','password1235','Soft Skills Trainer','435grge','456456465','66$ per hour','thumbnailimage/sve01236.png','regularimage/sve01236.png',4,'560078',NULL,NULL),('sve01237','Kanduri','Anusha','Madras','password1235','Soft Skills Trainer','435grge','456456465','66$ per hour','thumbnailimage/sve01237.png','regularimage/sve01237.png',5,'560078',NULL,NULL),('sve01238','Kanduri','Anusha','Madras','password1235','Soft Skills Trainer','435grge','456456465','66$ per hour','thumbnailimage/sve01238.png','regularimage/sve01238.png',1,'560078',NULL,NULL),('sve01239','Kanduri','Anusha','Madras','password1235','Soft Skills Trainer','435grge','456456465','66$ per hour','thumbnailimage/sve01239.png','regularimage/sve01239.png',2,'560078',NULL,NULL),('sve01240','Kanduri','Anusha','Madras','password1235','Soft Skills Trainer','435grge','456456465','66$ per hour','thumbnailimage/sve01240.png','regularimage/sve01240.png',3,'560078',NULL,NULL),('sve01241','Kanduri','Anusha','Madras','password1235','Soft Skills Trainer','435grge','456456465','66$ per hour','thumbnailimage/sve01241.png','regularimage/sve01241.png',4,'560078',NULL,NULL),('sve01242','Kanduri','Anusha','Madras','password1235','Soft Skills Trainer','435grge','456456465','66$ per hour','thumbnailimage/sve01242.png','regularimage/sve01242.png',5,'560078',NULL,NULL),('sve01243','Kanduri','Anusha','Madras','password1235','Soft Skills Trainer','435grge','456456465','66$ per hour','thumbnailimage/sve01243.png','regularimage/sve01243.png',1,'560078',NULL,NULL),('sve01244','Kanduri','Anusha','Madras','password1235','Soft Skills Trainer','435grge','456456465','66$ per hour','thumbnailimage/sve01244.png','regularimage/sve01244.png',2,'560078',NULL,NULL),('sve01245','Kanduri','Anusha','Madras','password1235','Soft Skills Trainer','435grge','456456465','66$ per hour','thumbnailimage/sve01245.png','regularimage/sve01245.png',3,'560078',NULL,NULL),('sve01246','Kanduri','Anusha','Madras','password1235','Soft Skills Trainer','435grge','456456465','66$ per hour','thumbnailimage/sve01246.png','regularimage/sve01246.png',4,'560078',NULL,NULL),('sve01247','Kanduri','Anusha','Madras','password1235','Soft Skills Trainer','435grge','456456465','66$ per hour','thumbnailimage/sve01247.png','regularimage/sve01247.png',5,'560078',NULL,NULL),('sve01248','Kanduri','Anusha','Madras','password1235','Soft Skills Trainer','435grge','456456465','66$ per hour','thumbnailimage/sve01248.png','regularimage/sve01248.png',1,'560078',NULL,NULL),('sve01249','Kanduri','Anusha','Madras','password1235','Soft Skills Trainer','435grge','456456465','66$ per hour','thumbnailimage/sve01249.png','regularimage/sve01249.png',2,'560078',NULL,NULL),('sve01250','Kanduri','Anusha','Madras','password1235','Soft Skills Trainer','435grge','456456465','66$ per hour','thumbnailimage/sve01250.png','regularimage/sve01250.png',3,'560078',NULL,NULL),('sve01251','Kanduri','Anusha','Madras','password1235','Soft Skills Trainer','435grge','456456465','66$ per hour','thumbnailimage/sve01251.png','regularimage/sve01251.png',4,'560078',NULL,NULL),('sve01252','Kanduri','Anusha','Madras','password1235','Soft Skills Trainer','435grge','456456465','66$ per hour','thumbnailimage/sve01252.png','regularimage/sve01252.png',5,'560078',NULL,NULL),('sve01253','Kanduri','Anusha','Madras','password1235','Soft Skills Trainer','435grge','456456465','66$ per hour','thumbnailimage/sve01253.png','regularimage/sve01253.png',1,'560078',NULL,NULL),('sve01254','Kanduri','Anusha','Madras','password1235','Soft Skills Trainer','435grge','456456465','66$ per hour','thumbnailimage/sve01254.png','regularimage/sve01254.png',2,'560078',NULL,NULL),('sve01255','Kanduri','Anusha','Madras','password1235','Soft Skills Trainer','435grge','456456465','66$ per hour','thumbnailimage/sve01255.png','regularimage/sve01255.png',3,'560078',NULL,NULL),('sve01256','Kanduri','Anusha','Madras','password1235','Soft Skills Trainer','435grge','456456465','66$ per hour','thumbnailimage/sve01256.png','regularimage/sve01256.png',4,'560078',NULL,NULL),('sve01257','Kanduri','Anusha','Madras','password1235','Soft Skills Trainer','435grge','456456465','66$ per hour','thumbnailimage/sve01257.png','regularimage/sve01257.png',5,'560078',NULL,NULL),('sve01259','Kanduri','Anusha','Madras','password1235','Soft Skills Trainer','435grge','456456465','66$ per hour','thumbnailimage/sve01259.png','regularimage/sve01259.png',1,'560078',NULL,NULL),('sve01260','Kanduri','Anusha','Madras','password1235','Soft Skills Trainer','435grge','456456465','66$ per hour','thumbnailimage/sve01260.png','regularimage/sve01260.png',2,'560078',NULL,NULL),('sve01261','Kanduri','Anusha','Madras','password1235','Soft Skills Trainer','435grge','456456465','66$ per hour','thumbnailimage/sve01261.png','regularimage/sve01261.png',1,'560078',NULL,NULL),('sve01262','Kanduri','Anusha','Madras','password1235','Soft Skills Trainer','435grge','456456465','66$ per hour','thumbnailimage/sve01262.png','regularimage/sve01262.png',2,'560078',NULL,NULL),('sve01263','Kanduri','Anusha','Madras','password1235','Soft Skills Trainer','435grge','456456465','66$ per hour','thumbnailimage/sve01263.png','regularimage/sve01263.png',3,'560078',NULL,NULL),('sve01264','Kanduri','Anusha','Madras','password1235','Soft Skills Trainer','435grge','456456465','66$ per hour','thumbnailimage/sve01264.png','regularimage/sve01264.png',4,'560078',NULL,NULL),('sve01265','Kanduri','Anusha','Madras','password1235','Soft Skills Trainer','435grge','456456465','66$ per hour','thumbnailimage/sve01265.png','regularimage/sve01265.png',1,'560078',NULL,NULL),('sve01266','Kanduri','Anusha','Madras','password1235','Soft Skills Trainer','435grge','456456465','66$ per hour','thumbnailimage/sve01266.png','regularimage/sve01266.png',1,'560078',NULL,NULL),('sve01267','Kanduri','Anusha','Madras','password1235','Soft Skills Trainer','435grge','456456465','66$ per hour','thumbnailimage/sve01267.png','regularimage/sve01267.png',2,'560078',NULL,NULL),('sve01268','Kanduri','Anusha','Madras','password1235','Soft Skills Trainer','435grge','456456465','66$ per hour','thumbnailimage/sve01268.png','regularimage/sve01268.png',3,'560078',NULL,NULL),('sve01269','Kanduri','Anusha','Madras','password1235','Soft Skills Trainer','435grge','456456465','66$ per hour','thumbnailimage/sve01269.png','regularimage/sve01269.png',4,'560078',NULL,NULL),('sve01270','Kanduri','Anusha','Madras','password1235','Soft Skills Trainer','435grge','456456465','66$ per hour','thumbnailimage/sve01270.png','regularimage/sve01270.png',5,'560078',NULL,NULL);
/*!40000 ALTER TABLE `vendor` ENABLE KEYS */;
UNLOCK TABLES;
/*!40103 SET TIME_ZONE=@OLD_TIME_ZONE */;

/*!40101 SET SQL_MODE=@OLD_SQL_MODE */;
/*!40014 SET FOREIGN_KEY_CHECKS=@OLD_FOREIGN_KEY_CHECKS */;
/*!40014 SET UNIQUE_CHECKS=@OLD_UNIQUE_CHECKS */;
/*!40101 SET CHARACTER_SET_CLIENT=@OLD_CHARACTER_SET_CLIENT */;
/*!40101 SET CHARACTER_SET_RESULTS=@OLD_CHARACTER_SET_RESULTS */;
/*!40101 SET COLLATION_CONNECTION=@OLD_COLLATION_CONNECTION */;
/*!40111 SET SQL_NOTES=@OLD_SQL_NOTES */;

-- Dump completed on 2015-09-28 16:56:21
